Metric,Value
Precision@5,0.6799999999999999
Recall@5,0.95
F1@5,0.7682539682539683
MAP,0.7646180555555555
MRR,0.78125
NDCG@5,0.8269696518448317
